{"_magic": "MLSTATE_v1", "_sha256": "f9bae4d579025edc5d8d648a6a413de60b575902dc837b8daad2a9067e42dd6b", "_version": 1, "avg_p_thr_used": 0.5099999999999998, "computed_at_utc": 1760985385, "delta": 0.0, "grid": "0.000..0.100 step=0.005", "lcb15": 0.0, "method": "dr_lcb", "p_thr_opt": 0.5548580574039829, "pnl_at_opt": 0.039254447814728186, "sample_size": 100, "selected_n": 56, "valid_for_utc_date": "2025-10-20", "window_hours": 24}