{
  "last_hour_bucket": 489165,
  "last_report": {
    "n": 83.0,
    "wr": 0.5662650602409639,
    "Wbar": 0.023832015662943136,
    "Lbar": 0.023635282946957395,
    "pf": 1.3164225923873607,
    "c_avg": 0.0,
    "p_be": 0.4979277026316313,
    "g_rolling": 0.001399660988466163,
    "g_ci_low": -0.0008186181033146662,
    "g_ci_high": 0.0036179400802469923
  }
}