{
  "reserve": 0.11982008514145659,
  "last_checkpoint_utc": "2025-10-19T23:00:00+00:00",
  "capital_at_checkpoint": 2.2500427138906742
}